
user9
981dbaf834ff1ea17b0afd9b729aa24b

mysql> select * from bs_user where name='user9';
+----+-------+------------------------------------------+-----------+-----------------+-------------+-------------+------------+---------------+---------------+---------------------+---------------------+
| id | name  | password                                 | real_name | email           | phone       | user_status | creator_id | department_id | desc          | created_at          | updated_at          |
+----+-------+------------------------------------------+-----------+-----------------+-------------+-------------+------------+---------------+---------------+---------------------+---------------------+
| 10 | user9 | 2ceaf92638986db196e4973e718b58c19bda80df | 姓名9     | user9@email.com | 18800000009 |           1 |          2 |             1 | 备注描述9     | 2020-05-20 16:57:16 | 2020-05-20 18:32:23 |
+----+-------+------------------------------------------+-----------+-----------------+-------------+-------------+------------+---------------+---------------+---------------------+---------------------+
1 row in set (0.00 sec)
mysql>

{
    "code": 0,
    "msg": "SUCCESS",
    "data": {
        "id": 10,
        "name": "user9",
        "real_name": "姓名9",
        "email": "user9@email.com",
        "phone": "18800000009",
        "user_status": 1,
        "creator_id": 2,
        "desc": "备注描述9",
        "created_at": "2020-05-20T16:57:16+08:00",
        "updated_at": "2020-05-21T11:11:51+08:00"
    }
}

update bs_user set user_status=0 where id=10;

mysql> select * from bs_user where name='user9';
+----+-------+------------------------------------------+-----------+-----------------+-------------+-------------+------------+---------------+---------------+---------------------+---------------------+
| id | name  | password                                 | real_name | email           | phone       | user_status | creator_id | department_id | desc          | created_at          | updated_at          |
+----+-------+------------------------------------------+-----------+-----------------+-------------+-------------+------------+---------------+---------------+---------------------+---------------------+
| 10 | user9 | 2ceaf92638986db196e4973e718b58c19bda80df | 姓名9     | user9@email.com | 18800000009 |           0 |          2 |             1 | 备注描述9     | 2020-05-20 16:57:16 | 2020-05-21 11:05:47 |
+----+-------+------------------------------------------+-----------+-----------------+-------------+-------------+------------+---------------+---------------+---------------------+---------------------+
1 row in set (0.00 sec)
mysql>

{
    "code": 0,
    "msg": "SUCCESS",
    "data": {
        "id": 10,
        "name": "user9",
        "real_name": "姓名9",
        "email": "user9@email.com",
        "phone": "18800000009",
        "user_status": 0,
        "creator_id": 2,
        "desc": "备注描述9",
        "created_at": "2020-05-20T16:57:16+08:00",
        "updated_at": "2020-05-21T11:22:16+08:00"
    }
}

update bs_user set user_status=2 where id=10;

mysql> select * from bs_user where name='user9';
+----+-------+------------------------------------------+-----------+-----------------+-------------+-------------+------------+---------------+---------------+---------------------+---------------------+
| id | name  | password                                 | real_name | email           | phone       | user_status | creator_id | department_id | desc          | created_at          | updated_at          |
+----+-------+------------------------------------------+-----------+-----------------+-------------+-------------+------------+---------------+---------------+---------------------+---------------------+
| 10 | user9 | 2ceaf92638986db196e4973e718b58c19bda80df | 姓名9     | user9@email.com | 18800000009 |           2 |          2 |             1 | 备注描述9     | 2020-05-20 16:57:16 | 2020-05-21 11:06:46 |
+----+-------+------------------------------------------+-----------+-----------------+-------------+-------------+------------+---------------+---------------+---------------------+---------------------+
1 row in set (0.00 sec)
mysql>

{
    "code": 20116,
    "msg": "用户信息获取失败; 用户 10 已被删除"
}
