
创建权限
mysql> select * from bs_role_permission where permission_id=9;
+----+---------+---------------+---------------------+---------------------+
| id | role_id | permission_id | created_at          | updated_at          |
+----+---------+---------------+---------------------+---------------------+
| 17 |       1 |             9 | 2020-05-15 15:10:56 | 2020-05-15 15:10:56 |
+----+---------+---------------+---------------------+---------------------+
1 row in set (0.00 sec)
mysql>


创建部门
mysql> select * from bs_role_permission where permission_id=10;
+----+---------+---------------+---------------------+---------------------+
| id | role_id | permission_id | created_at          | updated_at          |
+----+---------+---------------+---------------------+---------------------+
| 18 |       1 |            10 | 2020-05-15 15:11:10 | 2020-05-15 15:11:10 |
+----+---------+---------------+---------------------+---------------------+
1 row in set (0.00 sec)
mysql>

创建用户
mysql> select * from bs_role_permission where permission_id=11;
+----+---------+---------------+---------------------+---------------------+
| id | role_id | permission_id | created_at          | updated_at          |
+----+---------+---------------+---------------------+---------------------+
| 36 |       1 |            11 | 2020-05-19 15:54:09 | 2020-05-19 15:54:09 |
| 54 |       2 |            11 | 2020-05-21 14:01:02 | 2020-05-21 14:01:02 |
+----+---------+---------------+---------------------+---------------------+
2 rows in set (0.01 sec)
mysql>

删除用户
mysql> select * from bs_role_permission where permission_id=12;
+----+---------+---------------+---------------------+---------------------+
| id | role_id | permission_id | created_at          | updated_at          |
+----+---------+---------------+---------------------+---------------------+
| 52 |       1 |            12 | 2020-05-21 13:56:57 | 2020-05-21 13:56:57 |
| 53 |       2 |            12 | 2020-05-21 13:57:11 | 2020-05-21 13:57:11 |
+----+---------+---------------+---------------------+---------------------+
2 rows in set (0.00 sec)
mysql>


